{
  "id": "R2_F3_val1.000",
  "train_acc": 0.9984863600399051,
  "val_acc": 0.999587174900234,
  "gap": -0.0011008148603288692,
  "thresholds": {
    "min_val": 0.7,
    "max_gap": 0.15
  },
  "classification_report": {
    "0": {
      "precision": 1.0,
      "recall": 1.0,
      "f1-score": 1.0,
      "support": 202.0
    },
    "1": {
      "precision": 1.0,
      "recall": 1.0,
      "f1-score": 1.0,
      "support": 202.0
    },
    "2": {
      "precision": 0.9950738916256158,
      "recall": 1.0,
      "f1-score": 0.9975308641975309,
      "support": 202.0
    },
    "3": {
      "precision": 1.0,
      "recall": 0.995049504950495,
      "f1-score": 0.9975186104218362,
      "support": 202.0
    },
    "4": {
      "precision": 1.0,
      "recall": 0.9900990099009901,
      "f1-score": 0.9950248756218906,
      "support": 202.0
    },
    "5": {
      "precision": 1.0,
      "recall": 1.0,
      "f1-score": 1.0,
      "support": 202.0
    },
    "6": {
      "precision": 0.9950738916256158,
      "recall": 1.0,
      "f1-score": 0.9975308641975309,
      "support": 202.0
    },
    "7": {
      "precision": 1.0,
      "recall": 1.0,
      "f1-score": 1.0,
      "support": 202.0
    },
    "8": {
      "precision": 1.0,
      "recall": 1.0,
      "f1-score": 1.0,
      "support": 202.0
    },
    "9": {
      "precision": 0.9950738916256158,
      "recall": 1.0,
      "f1-score": 0.9975308641975309,
      "support": 202.0
    },
    "A": {
      "precision": 1.0,
      "recall": 1.0,
      "f1-score": 1.0,
      "support": 202.0
    },
    "B": {
      "precision": 1.0,
      "recall": 1.0,
      "f1-score": 1.0,
      "support": 202.0
    },
    "C": {
      "precision": 1.0,
      "recall": 1.0,
      "f1-score": 1.0,
      "support": 202.0
    },
    "D": {
      "precision": 1.0,
      "recall": 1.0,
      "f1-score": 1.0,
      "support": 202.0
    },
    "E": {
      "precision": 1.0,
      "recall": 1.0,
      "f1-score": 1.0,
      "support": 201.0
    },
    "F": {
      "precision": 1.0,
      "recall": 1.0,
      "f1-score": 1.0,
      "support": 202.0
    },
    "G": {
      "precision": 1.0,
      "recall": 1.0,
      "f1-score": 1.0,
      "support": 202.0
    },
    "H": {
      "precision": 1.0,
      "recall": 1.0,
      "f1-score": 1.0,
      "support": 202.0
    },
    "I": {
      "precision": 1.0,
      "recall": 1.0,
      "f1-score": 1.0,
      "support": 202.0
    },
    "J": {
      "precision": 1.0,
      "recall": 1.0,
      "f1-score": 1.0,
      "support": 201.0
    },
    "K": {
      "precision": 1.0,
      "recall": 1.0,
      "f1-score": 1.0,
      "support": 202.0
    },
    "L": {
      "precision": 1.0,
      "recall": 1.0,
      "f1-score": 1.0,
      "support": 202.0
    },
    "M": {
      "precision": 1.0,
      "recall": 1.0,
      "f1-score": 1.0,
      "support": 202.0
    },
    "N": {
      "precision": 1.0,
      "recall": 1.0,
      "f1-score": 1.0,
      "support": 202.0
    },
    "O": {
      "precision": 1.0,
      "recall": 1.0,
      "f1-score": 1.0,
      "support": 201.0
    },
    "P": {
      "precision": 1.0,
      "recall": 1.0,
      "f1-score": 1.0,
      "support": 202.0
    },
    "Q": {
      "precision": 1.0,
      "recall": 1.0,
      "f1-score": 1.0,
      "support": 202.0
    },
    "R": {
      "precision": 1.0,
      "recall": 1.0,
      "f1-score": 1.0,
      "support": 202.0
    },
    "S": {
      "precision": 1.0,
      "recall": 1.0,
      "f1-score": 1.0,
      "support": 202.0
    },
    "T": {
      "precision": 1.0,
      "recall": 1.0,
      "f1-score": 1.0,
      "support": 201.0
    },
    "U": {
      "precision": 1.0,
      "recall": 1.0,
      "f1-score": 1.0,
      "support": 202.0
    },
    "V": {
      "precision": 1.0,
      "recall": 1.0,
      "f1-score": 1.0,
      "support": 202.0
    },
    "W": {
      "precision": 1.0,
      "recall": 1.0,
      "f1-score": 1.0,
      "support": 202.0
    },
    "X": {
      "precision": 1.0,
      "recall": 1.0,
      "f1-score": 1.0,
      "support": 202.0
    },
    "Y": {
      "precision": 1.0,
      "recall": 1.0,
      "f1-score": 1.0,
      "support": 201.0
    },
    "Z": {
      "precision": 1.0,
      "recall": 1.0,
      "f1-score": 1.0,
      "support": 202.0
    },
    "accuracy": 0.999587174900234,
    "macro avg": {
      "precision": 0.9995894909688013,
      "recall": 0.9995874587458746,
      "f1-score": 0.9995871132954532,
      "support": 7267.0
    },
    "weighted avg": {
      "precision": 0.9995892085214151,
      "recall": 0.999587174900234,
      "f1-score": 0.9995868292121283,
      "support": 7267.0
    }
  },